fishID,letter,fishid,code,unidentified,group,salmon sp,collection_day,collection_month,collection_year,date_serial,collection_site,collection_statarea,JQ_age,left_1_mm,left_2_mm,left_3_mm,right_1_mm,right_2_mm,right_3_mm,avg_year1,avg_year2,avg_year3,comment_L,comment_R,paired1_diff,paired2_diff,lat,long
17541,A,17541A,her001,no,salmondiet3,ch,31,5,2018,151,salmondiet,14,3,,,,,,,,,,,"no measurement, annuli not clear",,,49.79329645,-124.9917005
17544,A,17544A,her002,no,salmondiet3,ch,24,5,2018,144,salmondiet,14,3,,,,0.625678119,0.227848101,0.126582278,0.625678119,0.227848101,0.126582278,,,-0.625678119,-0.227848101,49.52117102,-124.6309931
17544,AU,17544AU,her003,yes,salmondiet3,ch,24,5,2018,144,salmondiet,14,3,0.607594937,0.184448463,0.108499096,0.620253165,0.206148282,0.126582278,0.613924051,0.195298373,0.117540687,,,-0.012658228,-0.021699819,49.52117102,-124.6309931
17544,B,17544B,her004,no,salmondiet3,ch,24,5,2018,144,salmondiet,14,3,0.669077758,0.191681736,0.08318264,0.636528029,0.162748644,0.079566004,0.652802893,0.17721519,0.081374322,,,0.032549729,0.028933092,49.52117102,-124.6309931
17548,A,17548A,her005,no,salmondiet3,ch,8,5,2018,128,salmondiet,14,3,0.622061483,0.227848101,0.113924051,0.553345389,0.224231465,0.126582278,0.587703436,0.226039783,0.120253165,,,0.068716094,0.003616636,49.79329645,-124.9917005
17550,A,17550A,her006,no,salmondiet3,ch,24,5,2018,144,salmondiet,14,3,0.585895118,0.121157324,0.075949367,,,,0.585895118,0.121157324,0.075949367,,vateritic,0.585895118,0.121157324,49.52117102,-124.6309931
17550,AU,17550AU,her007,yes,salmondiet2,ch,24,5,2018,144,salmondiet,14,2,,,,,,,,,,Measurements overlapped and unreadable on photo. Go back to this.,,,,49.52117102,-124.6309931
17550,B,17550B,her008,no,salmondiet3,ch,24,5,2018,144,salmondiet,14,3,0.650994575,0.119349005,0.108499096,,,,0.650994575,0.119349005,0.108499096,,,0.650994575,0.119349005,49.52117102,-124.6309931
17550,BU,17550BU,her009,yes,salmondiet3,ch,24,5,2018,144,salmondiet,14,3,0.564195298,0.213381555,0.130198915,0.585895118,0.202531646,0.126582278,0.575045208,0.2079566,0.128390597,,,-0.02169982,0.010849909,49.52117102,-124.6309931
17575,A,17575A,her010,no,salmondiet2,ch,9,6,2018,160,salmondiet,13,2,0.584086799,0.235081374,,0.625678119,0.224231465,,0.604882459,0.22965642,,,,-0.04159132,0.010849909,49.96580069,-125.0847398
17575,B,17575B,her011,no,salmondiet2,ch,9,6,2018,160,salmondiet,13,2,,,,0.773960217,0.130198915,,0.773960217,0.130198915,,,,-0.773960217,-0.130198915,49.96580069,-125.0847398
17575,C,17575C,her012,no,salmondiet2,ch,9,6,2018,160,salmondiet,13,2,0.732368897,0.238698011,,0.754068716,0.220614828,,0.743218807,0.22965642,,,,-0.021699819,0.018083183,49.96580069,-125.0847398
17575,D,17575D,her013,no,salmondiet2,ch,9,6,2018,160,salmondiet,13,2,0.68716094,0.169981917,,0.721518987,0.148282098,,0.704339964,0.159132007,,,,-0.034358047,0.021699819,49.96580069,-125.0847398
17577,A,17577A,her014,no,salmondiet2,ch,9,6,2018,160,salmondiet,13,2,0.623869801,0.169981917,,0.670886076,0.169981917,,0.647377939,0.169981917,,,,-0.047016275,,49.96580069,-125.0847398
17578,A,17578A,her015,no,salmondiet2,ch,9,6,2018,160,salmondiet,13,2,0.61482821,0.188065099,,0.647377939,0.180831826,,0.631103074,0.184448463,,,,-0.032549729,0.007233273,49.96580069,-125.0847398
17578,B,17578B,her016,no,salmondiet3,ch,9,6,2018,160,salmondiet,13,3,0.726943942,0.155515371,0.101265823,0.705244123,0.133815552,0.09403255,0.716094033,0.144665461,0.097649186,,,0.021699819,0.021699819,49.96580069,-125.0847398
17581,A,17581A,her017,no,salmondiet2,ch,9,6,2018,160,salmondiet,13,2,,,,,,,,,,,"unclear, no measurement - probably 2",,,49.96580069,-125.0847398
17582,B,17582B,her018,no,salmondiet2,ch,9,6,2018,160,salmondiet,13,2,0.670886076,0.238698011,,0.649186257,0.245931284,,0.660036166,0.242314647,,,,0.021699819,-0.007233273,49.96580069,-125.0847398
17582,D,17582D,her019,no,salmondiet3,ch,9,6,2018,160,salmondiet,13,3,0.658227848,0.169981917,0.104882459,,,,0.658227848,0.169981917,0.104882459,,,0.658227848,0.169981917,49.96580069,-125.0847398
17588,A,17588A,her020,no,salmondiet2,ch,9,6,2018,160,salmondiet,13,2,0.696202532,0.224231465,,0.701627486,0.242314647,,0.698915009,0.233273056,,,,-0.005424954,-0.018083182,49.96580069,-125.0847398
17591,A,17591A,her021,no,salmondiet3,ch,9,6,2018,160,salmondiet,13,3,,,,0.743218807,0.184448463,0.065099458,0.743218807,0.184448463,0.065099458,,,-0.743218807,-0.184448463,49.96580069,-125.0847398
17591,B,17591B,her022,no,salmondiet2,ch,9,6,2018,160,salmondiet,13,2,0.705244123,0.169981917,,,,,0.705244123,0.169981917,,,,0.705244123,0.169981917,49.96580069,-125.0847398
17591,C,17591C,her023,no,salmondiet2,ch,9,6,2018,160,salmondiet,13,2,0.721518987,0.24954792,,0.696202532,0.238698011,,0.708860759,0.244122966,,,,0.025316455,0.010849909,49.96580069,-125.0847398
17592,A,17592A,her024,no,salmondiet3,ch,9,6,2018,160,salmondiet,13,3,0.567811935,0.133815552,0.090415913,0.600361664,0.115732369,0.097649186,0.584086799,0.12477396,0.09403255,,,-0.032549729,0.018083183,50.01066432,-125.0058817
17592,B,17592B,her025,no,salmondiet3,ch,9,6,2018,160,salmondiet,13,3,0.661844485,0.169981917,0.108499096,0.685352622,0.17721519,0.104882459,0.673598553,0.173598553,0.106690778,,,-0.023508137,-0.007233273,50.01066432,-125.0058817
17592,C,17592C,her026,no,salmondiet2,ch,9,6,2018,160,salmondiet,13,2,0.670886076,0.148282098,,,,,0.670886076,0.148282098,,,vateritic,0.670886076,0.148282098,50.01066432,-125.0058817
17594,A,17594A,her027,no,salmondiet3,ch,9,6,2018,160,salmondiet,13,3,,,,0.670886076,0.173598553,0.119349005,0.670886076,0.173598553,0.119349005,,,-0.670886076,-0.173598553,49.96580069,-125.0847398
17597,B,17597B,her028,no,salmondiet3,ch,9,6,2018,160,salmondiet,13,3,0.726943942,0.119349005,0.09403255,,,,0.726943942,0.119349005,0.09403255,,,0.726943942,0.119349005,49.96580069,-125.0847398
17598,A,17598A,her029,no,salmondiet3,#N/A,9,6,2018,160,salmondiet,13,3,0.699819168,0.148282098,0.075949367,0.688969259,0.144665461,0.075949367,0.694394213,0.146473779,0.075949367,,,0.010849909,0.003616637,#N/A,#N/A
17600,A,17600A,her030,no,salmondiet3,ch,9,6,2018,160,salmondiet,13,3,0.660036166,0.188065099,0.101265823,0.705244123,0.180831826,0.097649186,0.682640145,0.184448463,0.099457505,,,-0.045207957,0.007233273,49.96580069,-125.0847398
17600,AU,17600AU,her031,yes,salmondiet2,ch,9,6,2018,160,salmondiet,13,2,0.690777577,0.213381555,,0.699819168,0.213381555,,0.695298373,0.213381555,,,,-0.009041591,,49.96580069,-125.0847398
17600,B,17600B,her032,no,salmondiet3,ch,9,6,2018,160,salmondiet,13,3,0.598553345,0.202531646,0.112115732,0.620253165,0.213381555,0.101265823,0.609403255,0.2079566,0.106690778,,,-0.02169982,-0.010849909,49.96580069,-125.0847398
17600,C,17600C,her033,no,salmondiet3,ch,9,6,2018,160,salmondiet,13,3,0.725135624,0.112115732,0.054249548,0.707052441,0.126582278,0.050632911,0.716094033,0.119349005,0.05244123,,,0.018083183,-0.014466546,49.96580069,-125.0847398
17600,D,17600D,her034,no,salmondiet3,ch,9,6,2018,160,salmondiet,13,3,0.560578662,0.144665461,0.090415913,0.571428571,0.148282098,0.09403255,0.566003617,0.146473779,0.092224231,,,-0.010849909,-0.003616637,49.96580069,-125.0847398
17600,E,17600E,her035,no,salmondiet3,ch,9,6,2018,160,salmondiet,13,3,0.636528029,0.169981917,0.075949367,0.661844485,0.191681736,0.08318264,0.649186257,0.180831826,0.079566004,,,-0.025316456,-0.021699819,49.96580069,-125.0847398
17601,A,17601A,her036,no,salmondiet3,ch,9,6,2018,160,salmondiet,13,3,0.609403255,0.278481013,0.115732369,0.580470163,0.264014467,0.115732369,0.594936709,0.27124774,0.115732369,,,0.028933092,0.014466546,49.96580069,-125.0847398
17601,B,17601B,her037,no,salmondiet2,ch,9,6,2018,160,salmondiet,13,2,0.732368897,0.151898734,,0.721518987,0.162748644,,0.726943942,0.157323689,,,,0.01084991,-0.01084991,49.96580069,-125.0847398
17601,C,17601C,her038,no,salmondiet2,ch,9,6,2018,160,salmondiet,13,2,0.685352622,0.169981917,,,,,0.685352622,0.169981917,,,,0.685352622,0.169981917,49.96580069,-125.0847398
17601,D,17601D,her039,no,salmondiet2,ch,9,6,2018,160,salmondiet,13,2,0.688969259,0.195298373,,0.658227848,0.184448463,,0.673598553,0.189873418,,,,0.030741411,0.01084991,49.96580069,-125.0847398
17601,E,17601E,her040,no,salmondiet2,ch,9,6,2018,160,salmondiet,13,2,,,,0.627486438,0.188065099,,0.627486438,0.188065099,,,,-0.627486438,-0.188065099,49.96580069,-125.0847398
17601,F,17601F,her041,no,salmondiet3,ch,9,6,2018,160,salmondiet,13,3,0.631103074,0.16636528,0.119349005,0.638336347,0.148282098,0.141048825,0.634719711,0.157323689,0.130198915,,,-0.007233273,0.018083182,49.96580069,-125.0847398
17602,A,17602A,her042,no,salmondiet2,ch,9,6,2018,160,salmondiet,13,2,0.75045208,0.144665461,,0.696202532,0.126582278,,0.723327306,0.13562387,,,,0.054249548,0.018083183,49.96865516,-125.1404998
17604,A,17604A,her043,no,salmondiet3,ch,9,6,2018,160,salmondiet,13,3,0.580470163,0.198915009,0.075949367,0.613019892,0.195298373,0.065099458,0.596745027,0.197106691,0.070524412,,,-0.032549729,0.003616636,49.96580069,-125.0847398
17604,AU,17604AU,her044,yes,salmondiet2,ch,9,6,2018,160,salmondiet,13,2,,,,0.658227848,0.227848101,,0.658227848,0.227848101,,,,-0.658227848,-0.227848101,49.96580069,-125.0847398
17604,B,17604B,her045,no,salmondiet2,ch,9,6,2018,160,salmondiet,13,2,,,,,,,,,,,"unclear, no measurement - probably 2",,,49.96580069,-125.0847398
17604,BU,17604BU,her046,yes,salmondiet2,ch,9,6,2018,160,salmondiet,13,2,,,,,,,,,,"unclear, no measurement - probably 2…could be 1","unclear, no measurement - probably 2…could be 1",,,49.96580069,-125.0847398
17604,D,17604D,her047,no,salmondiet2,ch,9,6,2018,160,salmondiet,13,2,,,,0.61482821,0.206148282,,0.61482821,0.206148282,,,,-0.61482821,-0.206148282,49.96580069,-125.0847398
17606,B,17606B,her048,no,salmondiet3,ch,9,6,2018,160,salmondiet,13,3,0.589511754,0.213381555,0.09403255,0.594936709,0.209764919,0.09403255,0.592224231,0.211573237,0.09403255,,,-0.005424955,0.003616636,49.96580069,-125.0847398
17611,A,17611A,her049,no,salmondiet3,ch,2,6,2018,153,salmondiet,14,3,0.56238698,0.209764919,0.112115732,0.547920434,0.24954792,0.112115732,0.555153707,0.22965642,0.112115732,,,0.014466546,-0.039783001,49.79329645,-124.9917005
17616,A,17616A,her050,no,salmondiet3,ch,12,6,2018,163,salmondiet,14,3,,,,,,,,,,,"no measurement, annuli not clear",,,49.47622192,-124.6494501
17617,A,17617A,her051,no,salmondiet3,ch,5,8,2018,217,salmondiet,14,3,,,,,,,,,,,"no measurement, annuli not clear",,,49.79329645,-124.9917005
17628,A,17628A,her052,no,salmondiet2,ch,2,6,2018,153,salmondiet,14,2,,,,,,,,,,"unclear, no measurement - probably 2",,,,49.79329645,-124.9917005
17664,A,17664A,her053,no,salmondiet3,ch,12,7,2018,193,salmondiet,13,3,0.473779385,0.235081374,0.151898734,,,,0.473779385,0.235081374,0.151898734,,,0.473779385,0.235081374,49.96580069,-125.0847398
17676,A,17676A,her054,no,salmondiet2,ch,13,6,2018,164,salmondiet,13,2,,,,,,,,,,"unclear, no measurement - probably 2","unclear, no measurement - probably 2",,,49.98463704,-125.1820986
17684,B,17684B,her055,no,salmondiet3,ch,12,7,2018,193,salmondiet,13,3,,,,0.631103074,0.122965642,0.08318264,0.631103074,0.122965642,0.08318264,,,-0.631103074,-0.122965642,49.96580069,-125.0847398
17684,C,17684C,her056,no,salmondiet3,ch,12,7,2018,193,salmondiet,13,3,0.596745027,0.119349005,0.068716094,0.589511754,0.112115732,0.072332731,0.593128391,0.115732369,0.070524412,,,0.007233273,0.007233273,49.96580069,-125.0847398
17692,A,17692A,her057,no,salmondiet2,ch,24,7,2018,205,salmondiet,14,2,0.513562387,0.17721519,,0.560578662,0.184448463,,0.537070524,0.180831826,,,,-0.047016275,-0.007233273,49.79329645,-124.9917005
17692,AU,17692AU,her058,yes,salmondiet3,ch,24,7,2018,205,salmondiet,14,3,0.634719711,0.159132007,0.112115732,0.663652803,0.213381555,0.101265823,0.649186257,0.186256781,0.106690778,,,-0.028933092,-0.054249548,49.79329645,-124.9917005
17694,AU,17694AU,her059,yes,salmondiet3,ch,24,7,2018,205,salmondiet,14,3,0.68716094,0.169981917,0.133815552,,,,0.68716094,0.169981917,0.133815552,,,0.68716094,0.169981917,49.79329645,-124.9917005
17694,B,17694B,her060,no,salmondiet3,ch,24,7,2018,205,salmondiet,14,3,0.607594937,0.256781193,0.097649186,,,,0.607594937,0.256781193,0.097649186,,,0.607594937,0.256781193,49.79329645,-124.9917005
17695,A,17695A,her061,no,salmondiet2,ch,20,6,2018,171,salmondiet,14,2,,,,,,,,,,"unclear, no measurement - probably 2","unclear, no measurement - probably 2",,,49.52117102,-124.6309931
17769,B,17769B,her062,no,salmondiet2,ch,23,6,2018,174,salmondiet,13,2,0.665461121,0.188065099,,,,,0.665461121,0.188065099,,,vateritic,0.665461121,0.188065099,50.00974064,-125.1334192
17776,A,17776A,her063,no,salmondiet2,ch,2,6,2018,153,salmondiet,17,2,0.696202532,0.180831826,,0.72875226,0.16636528,,0.712477396,0.173598553,,,,-0.032549728,0.014466546,49.23346277,-123.9128993
17849,A,17849A,her064,no,salmondiet3,ch,3,6,2018,154,salmondiet,13,3,0.793851718,0.180831826,0.101265823,0.735985533,0.173598553,0.101265823,0.764918626,0.17721519,0.101265823,,,0.057866185,0.007233273,49.96580069,-125.0847398
17850,A,17850A,her065,no,salmondiet2,ch,20,6,2018,171,salmondiet,13,2,,,,0.726943942,0.191681736,,0.726943942,0.191681736,,,,-0.726943942,-0.191681736,49.96580069,-125.0847398
17858,A,17858A,her066,no,salmondiet3,ch,18,6,2018,169,salmondiet,13,3,0.678119349,0.209764919,0.112115732,0.64556962,0.198915009,0.137432188,0.661844485,0.204339964,0.12477396,,,0.032549729,0.01084991,49.96580069,-125.0847398
17858,B,17858B,her067,no,salmondiet3,ch,18,6,2018,169,salmondiet,13,3,0.623869801,0.173598553,0.072332731,0.594936709,0.191681736,0.061482821,0.609403255,0.182640145,0.066907776,,,0.028933092,-0.018083183,49.96580069,-125.0847398
17858,C,17858C,her068,no,salmondiet2,ch,18,6,2018,169,salmondiet,13,2,0.627486438,0.231464738,,0.663652803,0.195298373,,0.64556962,0.213381555,,,,-0.036166365,0.036166365,49.96580069,-125.0847398
17861,A,17861A,her069,no,salmondiet3,ch,23,6,2018,174,salmondiet,13,3,0.566003617,0.264014467,0.122965642,0.528028933,0.27124774,0.137432188,0.547016275,0.267631103,0.130198915,,,0.037974684,-0.007233273,50.00974064,-125.1334192
17863,A,17863A,her070,no,salmondiet2,ch,24,5,2018,144,salmondiet,13,2,0.649186257,0.17721519,,0.640144665,0.188065099,,0.644665461,0.182640145,,,,0.009041592,-0.010849909,49.96580069,-125.0847398
17865,A,17865A,her071,no,salmondiet2,ch,2,6,2018,153,salmondiet,13,2,0.634719711,0.169981917,,,,,0.634719711,0.169981917,,,vateritic,0.634719711,0.169981917,49.99490829,-125.1998002
17868,A,17868A,her072,no,salmondiet3,ch,12,6,2018,163,salmondiet,13,3,0.674502712,0.141048825,0.101265823,0.692585895,0.144665461,0.097649186,0.683544304,0.142857143,0.099457505,,,-0.018083183,-0.003616636,49.96580069,-125.0847398
17872,A,17872A,her073,no,salmondiet3,ch,31,5,2018,151,salmondiet,14,3,0.681735986,0.169981917,0.068716094,0.605786618,0.198915009,0.079566004,0.643761302,0.184448463,0.074141049,,,0.075949368,-0.028933092,49.77973393,-124.9727802
17876,A,17876A,her074,no,salmondiet3,ch,26,5,2018,146,salmondiet,14,3,0.594936709,0.162748644,0.108499096,0.566003617,0.162748644,0.101265823,0.580470163,0.162748644,0.104882459,,,0.028933092,,49.77973393,-124.9727802
17878,B,17878B,her075,no,salmondiet2,ch,3,6,2018,154,salmondiet,14,2,0.725135624,0.159132007,,0.705244123,0.180831826,,0.715189873,0.169981917,,,,0.019891501,-0.021699819,49.47114528,-124.6828932
17879,A,17879A,her076,no,salmondiet3,ch,14,8,2018,226,salmondiet,14,3,0.634719711,0.188065099,0.09403255,0.600361664,0.191681736,0.108499096,0.617540687,0.189873418,0.101265823,,,0.034358047,-0.003616637,49.52117102,-124.6309931
17879,B,17879B,her077,no,salmondiet3,ch,14,8,2018,226,salmondiet,14,3,0.618444846,0.169981917,0.054249548,0.681735986,0.17721519,0.057866184,0.650090416,0.173598553,0.056057866,,,-0.06329114,-0.007233273,49.52117102,-124.6309931
17885,A,17885A,her078,no,salmondiet2,ch,2,6,2018,153,salmondiet,14,2,,,,0.660036166,0.155515371,,0.660036166,0.155515371,,,,-0.660036166,-0.155515371,49.77973393,-124.9727802
17885,B,17885B,her079,no,salmondiet3,ch,2,6,2018,153,salmondiet,14,3,0.678119349,0.162748644,0.079566004,0.670886076,0.169981917,0.090415913,0.674502712,0.16636528,0.084990958,,,0.007233273,-0.007233273,49.77973393,-124.9727802
17885,D,17885D,her080,no,salmondiet3,ch,2,6,2018,153,salmondiet,14,3,,,,0.737793852,0.148282098,0.104882459,0.737793852,0.148282098,0.104882459,,,-0.737793852,-0.148282098,49.77973393,-124.9727802
17895,A,17895A,her081,no,salmondiet3,ch,26,5,2018,146,salmondiet,14,3,0.631103074,0.245931284,0.079566004,,,,0.631103074,0.245931284,0.079566004,,,0.631103074,0.245931284,49.77973393,-124.9727802
17896,A,17896A,her082,no,salmondiet3,ch,26,5,2018,146,salmondiet,14,3,0.631103074,0.188065099,0.09403255,0.620253165,0.169981917,0.090415913,0.625678119,0.179023508,0.092224231,,,0.010849909,0.018083182,49.77973393,-124.9727802
17898,A,17898A,her083,no,salmondiet3,ch,7,6,2018,158,salmondiet,14,3,0.663652803,0.17721519,0.090415913,0.683544304,0.169981917,0.090415913,0.673598553,0.173598553,0.090415913,,,-0.019891501,0.007233273,49.610527,-124.744025
17925,A,17925A,her084,no,salmondiet2,ch,24,7,2018,205,salmondiet,16,2,,,,,,,,,,"unclear, no measuremnt - suspect age 5",,,,49.51105196,-124.0219632
17953,A,17953A,her085,no,salmondiet3,ch,13,8,2018,225,salmondiet,13,3,,,,,,,,,,,"no measurement, not age 3 must be age 4 or 5",,,49.96580069,-125.0847398
17963,A,17963A,her086,no,salmondiet2,ch,26,5,2018,146,salmondiet,16,2,0.558770344,0.184448463,,0.538878843,0.16636528,,0.548824593,0.175406872,,,,0.019891501,0.018083183,49.650721,-124.151564
17984,A,17984A,her087,no,salmondiet2,ch,24,7,2018,205,salmondiet,14,2,0.56238698,0.253164557,,0.623869801,0.253164557,,0.593128391,0.253164557,,,,-0.061482821,,49.79329645,-124.9917005
17989,A,17989A,her088,no,salmondiet2,ch,9,6,2018,160,salmondiet,13,2,0.631103074,0.191681736,,0.634719711,0.198915009,,0.632911392,0.195298373,,,,-0.003616637,-0.007233273,50.01066432,-125.0058817
17990,A,17990A,her089,no,salmondiet2,ch,9,6,2018,160,salmondiet,13,2,0.582278481,0.144665461,,0.641952984,0.155515371,,0.612115732,0.150090416,,,,-0.059674503,-0.01084991,49.96580069,-125.0847398
17990,B,17990B,her090,no,salmondiet2,ch,9,6,2018,160,salmondiet,13,2,0.743218807,0.141048825,,0.772151899,0.148282098,,0.757685353,0.144665461,,,,-0.028933092,-0.007233273,49.96580069,-125.0847398
17993,C,17993C,her091,no,salmondiet2,ch,9,6,2018,160,salmondiet,13,2,0.701627486,0.133815552,,0.707052441,0.159132007,,0.704339964,0.146473779,,,,-0.005424955,-0.025316455,49.96580069,-125.0847398
17994,A,17994A,her092,no,salmondiet3,ch,9,6,2018,160,salmondiet,13,3,0.707052441,0.220614828,0.112115732,0.681735986,0.224231465,0.130198915,0.694394213,0.222423146,0.121157324,,,0.025316455,-0.003616637,49.96580069,-125.0847398
17994,B,17994B,her093,no,salmondiet3,ch,9,6,2018,160,salmondiet,13,3,0.526220615,0.303797468,0.122965642,0.56238698,0.307414105,0.126582278,0.544303797,0.305605787,0.12477396,,,-0.036166365,-0.003616637,49.96580069,-125.0847398
17996,B,17996B,her094,no,salmondiet3,ch,9,6,2018,160,salmondiet,13,3,0.613019892,0.24954792,0.122965642,0.618444846,0.235081374,0.144665461,0.615732369,0.242314647,0.133815552,,,-0.005424954,0.014466546,49.96865516,-125.1404998
UVIC00,1,UVIC001,her095,no,denman3,#N/A,15,3,2019,74,denman,14,3,0.608796296,0.199074074,0.106481481,0.625,0.199074074,0.106481481,0.616898148,0.199074074,0.106481481,,,-0.016203704,,49.61607,-124.83055
UVIC00,2,UVIC002,her096,no,denman3,#N/A,15,3,2019,74,denman,14,3,0.715277778,0.175925926,0.083333333,0.712962963,0.162037037,0.087962963,0.71412037,0.168981481,0.085648148,,,0.002314815,0.013888889,49.61607,-124.83055
UVIC00,3,UVIC003,her097,no,denman3,#N/A,15,3,2019,74,denman,14,3,0.622685185,0.25,0.097222222,0.650462963,0.236111111,0.097222222,0.636574074,0.243055556,0.097222222,,,-0.027777778,0.013888889,49.61607,-124.83055
UVIC00,4,UVIC004,her098,no,denman3,#N/A,15,3,2019,74,denman,14,3,0.599537037,0.138888889,0.111111111,0.627314815,0.134259259,0.097222222,0.613425926,0.136574074,0.104166667,,,-0.027777778,0.00462963,49.61607,-124.83055
UVIC00,5,UVIC005,her099,no,denman3,#N/A,15,3,2019,74,denman,14,3,0.611111111,0.199074074,0.078703704,0.606481481,0.180555556,0.087962963,0.608796296,0.189814815,0.083333333,,,0.00462963,0.018518518,49.61607,-124.83055
UVIC00,6,UVIC006,her100,no,denman3,#N/A,15,3,2019,74,denman,14,3,0.509259259,0.152777778,0.157407407,0.539351852,0.175925926,0.148148148,0.524305556,0.164351852,0.152777778,,,-0.030092593,-0.023148148,49.61607,-124.83055
UVIC00,7,UVIC007,her101,no,denman3,#N/A,15,3,2019,74,denman,14,3,0.703703704,0.125,0.083333333,0.6875,0.12962963,0.087962963,0.695601852,0.127314815,0.085648148,,,0.016203704,-0.00462963,49.61607,-124.83055
UVIC00,8,UVIC008,her102,no,denman3,#N/A,15,3,2019,74,denman,14,3,0.622685185,0.199074074,0.111111111,0.587962963,0.208333333,0.092592593,0.605324074,0.203703704,0.101851852,,,0.034722222,-0.009259259,49.61607,-124.83055
UVIC00,9,UVIC009,her103,no,denman4,#N/A,15,3,2019,74,denman,14,4,0.645833333,0.185185185,0.12962963,0.634259259,0.166666667,0.12962963,0.640046296,0.175925926,0.12962963,,,0.011574074,0.018518518,49.61607,-124.83055
UVIC0,10,UVIC010,her104,no,denman4,#N/A,15,3,2019,74,denman,14,4,0.5625,0.25462963,0.064814815,0.571759259,0.231481481,0.078703704,0.56712963,0.243055556,0.071759259,,,-0.009259259,0.023148149,49.61607,-124.83055
UVIC0,11,UVIC011,her105,no,denman4,#N/A,15,3,2019,74,denman,14,4,0.55787037,0.166666667,0.094907407,0.574074074,0.159722222,0.125,0.565972222,0.163194444,0.109953704,,,-0.016203704,0.006944445,49.61607,-124.83055
UVIC0,12,UVIC012,her106,no,denman3,#N/A,15,3,2019,74,denman,14,3,0.530092593,0.236111111,0.143518519,0.506944444,0.208333333,0.157407407,0.518518519,0.222222222,0.150462963,,,0.023148149,0.027777778,49.61607,-124.83055
UVIC0,13,UVIC013,her107,no,denman3,#N/A,15,3,2019,74,denman,14,3,0.594907407,0.148148148,0.111111111,0.62962963,0.171296296,0.092592593,0.612268519,0.159722222,0.101851852,,,-0.034722223,-0.023148148,49.61607,-124.83055
UVIC0,14,UVIC014,her108,no,denman3,#N/A,15,3,2019,74,denman,14,3,0.645833333,0.324074074,0.078703704,,,,0.645833333,0.324074074,0.078703704,,,0.645833333,0.324074074,49.61607,-124.83055
UVIC0,16,UVIC016,her109,no,denman4,#N/A,15,3,2019,74,denman,14,4,0.641203704,0.171296296,0.090277778,0.685185185,0.152777778,0.145833333,0.663194444,0.162037037,0.118055556,,,-0.043981481,0.018518518,49.61607,-124.83055
UVIC0,18,UVIC018,her110,no,denman3,#N/A,15,3,2019,74,denman,14,3,,,,0.636574074,0.166666667,0.111111111,0.636574074,0.166666667,0.111111111,,,-0.636574074,-0.166666667,49.61607,-124.83055
UVIC0,19,UVIC019,her111,no,denman4,#N/A,15,3,2019,74,denman,14,4,0.479166667,0.196759259,0.0625,0.502314815,0.18287037,0.0625,0.490740741,0.189814815,0.0625,,,-0.023148148,0.013888889,49.61607,-124.83055
UVIC0,20,UVIC020,her112,no,denman3,#N/A,15,3,2019,74,denman,14,3,0.509259259,0.152777778,0.125,0.569444444,0.166666667,0.111111111,0.539351852,0.159722222,0.118055556,,,-0.060185185,-0.013888889,49.61607,-124.83055
UVIC0,25,UVIC025,her113,no,denman3,#N/A,15,3,2019,74,denman,14,3,,,,0.657407407,0.162037037,0.087962963,0.657407407,0.162037037,0.087962963,,,-0.657407407,-0.162037037,49.61607,-124.83055
UVIC0,26,UVIC026,her114,no,denman3,#N/A,15,3,2019,74,denman,14,3,0.641203704,0.134259259,0.101851852,0.657407407,0.111111111,0.12037037,0.649305556,0.122685185,0.111111111,,,-0.016203703,0.023148148,49.61607,-124.83055
UVIC0,27,UVIC027,her115,no,denman3,#N/A,15,3,2019,74,denman,14,3,0.527777778,0.115740741,0.12037037,0.685185185,0.185185185,0.111111111,0.606481481,0.150462963,0.115740741,,,-0.157407407,-0.069444444,49.61607,-124.83055
UVIC0,28,UVIC028,her116,no,denman4,#N/A,15,3,2019,74,denman,14,4,0.518518519,0.25462963,0.143518519,0.539351852,0.37037037,0.064814815,0.528935185,0.3125,0.104166667,,,-0.020833333,-0.11574074,49.61607,-124.83055
UVIC0,30,UVIC030,her117,no,denman4,#N/A,15,3,2019,74,denman,14,4,,,,0.530092593,0.24537037,0.085648148,0.530092593,0.24537037,0.085648148,vateritic,,-0.530092593,-0.24537037,49.61607,-124.83055
UVIC0,31,UVIC031,her118,no,denman4,#N/A,15,3,2019,74,denman,14,4,0.613425926,0.231481481,0.115740741,0.615740741,0.194444444,0.118055556,0.614583333,0.212962963,0.116898148,,,-0.002314815,0.037037037,49.61607,-124.83055
UVIC0,32,UVIC032,her119,no,denman3,#N/A,15,3,2019,74,denman,14,3,0.706018519,0.203703704,0.106481481,0.645833333,0.203703704,0.125,0.675925926,0.203703704,0.115740741,,,0.060185186,,49.61607,-124.83055
UVIC0,33,UVIC033,her120,no,denman3,#N/A,15,3,2019,74,denman,14,3,0.608796296,0.185185185,0.125,0.594907407,0.208333333,0.115740741,0.601851852,0.196759259,0.12037037,,,0.013888889,-0.023148148,49.61607,-124.83055
UVIC0,35,UVIC035,her121,no,denman3,#N/A,15,3,2019,74,denman,14,3,0.576388889,0.208333333,0.074074074,0.594907407,0.199074074,0.074074074,0.585648148,0.203703704,0.074074074,,,-0.018518518,0.009259259,49.61607,-124.83055
UVIC0,36,UVIC036,her122,no,denman3,#N/A,15,3,2019,74,denman,14,3,0.604166667,0.194444444,0.078703704,0.583333333,0.194444444,0.092592593,0.59375,0.194444444,0.085648148,,,0.020833334,,49.61607,-124.83055
UVIC0,37,UVIC037,her123,no,denman3,#N/A,15,3,2019,74,denman,14,3,0.706018519,0.185185185,0.157407407,0.699074074,0.175925926,0.138888889,0.702546296,0.180555556,0.148148148,,,0.006944445,0.009259259,49.61607,-124.83055
UVIC0,38,UVIC038,her124,no,denman3,#N/A,15,3,2019,74,denman,14,3,,,,0.636574074,0.175925926,0.12037037,0.636574074,0.175925926,0.12037037,,,-0.636574074,-0.175925926,49.61607,-124.83055
UVIC0,39,UVIC039,her125,no,denman3,#N/A,15,3,2019,74,denman,14,3,0.618055556,0.162037037,0.180555556,0.594907407,0.166666667,0.171296296,0.606481481,0.164351852,0.175925926,,,0.023148149,-0.00462963,49.61607,-124.83055
UVIC0,40,UVIC040,her126,no,denman3,#N/A,15,3,2019,74,denman,14,3,0.655092593,0.203703704,0.115740741,0.641203704,0.171296296,0.12962963,0.648148148,0.1875,0.122685185,,,0.013888889,0.032407408,49.61607,-124.83055
UVIC0,41,UVIC041,her127,no,denman4,#N/A,15,3,2019,74,denman,14,4,0.62962963,0.159722222,0.12037037,0.583333333,0.138888889,0.12037037,0.606481481,0.149305556,0.12037037,,,0.046296297,0.020833333,49.61607,-124.83055
UVIC0,42,UVIC042,her128,no,denman3,#N/A,15,3,2019,74,denman,14,3,0.641203704,0.180555556,0.141203704,0.601851852,0.180555556,0.136574074,0.621527778,0.180555556,0.138888889,,,0.039351852,,49.61607,-124.83055
UVIC0,43,UVIC043,her129,no,denman4,#N/A,15,3,2019,74,denman,14,4,0.743055556,0.12037037,0.078703704,0.699074074,0.101851852,0.097222222,0.721064815,0.111111111,0.087962963,,,0.043981482,0.018518518,49.61607,-124.83055
UVIC0,44,UVIC044,her130,no,denman3,#N/A,15,3,2019,74,denman,14,3,0.648148148,0.175925926,0.143518519,,,,0.648148148,0.175925926,0.143518519,,,0.648148148,0.175925926,49.61607,-124.83055
UVIC0,46,UVIC046,her131,no,denman3,#N/A,15,3,2019,74,denman,14,3,0.643518519,0.111111111,0.19212963,0.627314815,0.125,0.185185185,0.635416667,0.118055556,0.188657407,,,0.016203704,-0.013888889,49.61607,-124.83055
UVIC0,47,UVIC047,her132,no,denman4,#N/A,15,3,2019,74,denman,14,4,0.530092593,0.12037037,0.097222222,0.594907407,0.122685185,0.081018519,0.5625,0.121527778,0.08912037,,,-0.064814814,-0.002314815,49.61607,-124.83055
UVIC0,50,UVIC050,her133,no,denman3,#N/A,15,3,2019,74,denman,14,3,0.543981481,0.208333333,0.136574074,0.618055556,0.194444444,0.12962963,0.581018519,0.201388889,0.133101852,,,-0.074074075,0.013888889,49.61607,-124.83055
UVIC0,51,UVIC051,her134,no,denman3,#N/A,15,3,2019,74,denman,14,3,0.601851852,0.134259259,0.12962963,0.608796296,0.166666667,0.111111111,0.605324074,0.150462963,0.12037037,,,-0.006944444,-0.032407408,49.61607,-124.83055
UVIC0,52,UVIC052,her135,no,denman3,#N/A,15,3,2019,74,denman,14,3,0.525462963,0.240740741,0.12037037,,,,0.525462963,0.240740741,0.12037037,,,0.525462963,0.240740741,49.61607,-124.83055
UVIC0,53,UVIC053,her136,no,denman4,#N/A,15,3,2019,74,denman,14,4,0.574074074,0.138888889,0.074074074,0.578703704,0.134259259,0.06712963,0.576388889,0.136574074,0.070601852,,,-0.00462963,0.00462963,49.61607,-124.83055
UVIC0,55,UVIC055,her137,no,denman4,#N/A,15,3,2019,74,denman,14,4,0.694444444,0.199074074,0.06712963,0.638888889,0.201388889,0.060185185,0.666666667,0.200231481,0.063657407,,,0.055555555,-0.002314815,49.61607,-124.83055
UVIC0,56,UVIC056,her138,no,denman4,#N/A,15,3,2019,74,denman,14,4,0.532407407,0.145833333,0.097222222,0.534722222,0.152777778,0.106481481,0.533564815,0.149305556,0.101851852,,,-0.002314815,-0.006944445,49.61607,-124.83055
UVIC0,57,UVIC057,her139,no,denman4,#N/A,15,3,2019,74,denman,14,4,0.615740741,0.143518519,0.064814815,0.62962963,0.194444444,0.069444444,0.622685185,0.168981481,0.06712963,,,-0.013888889,-0.050925925,49.61607,-124.83055
UVIC0,58,UVIC058,her140,no,denman3,#N/A,15,3,2019,74,denman,14,3,0.555555556,0.226851852,0.25462963,0.560185185,0.208333333,0.138888889,0.55787037,0.217592593,0.196759259,,,-0.004629629,0.018518519,49.61607,-124.83055
UVIC0,59,UVIC059,her141,no,denman3,#N/A,15,3,2019,74,denman,14,3,0.611111111,0.263888889,0.087962963,,,,0.611111111,0.263888889,0.087962963,,,0.611111111,0.263888889,49.61607,-124.83055
UVIC0,60,UVIC060,her142,no,denman4,#N/A,15,3,2019,74,denman,14,4,0.534722222,0.185185185,0.076388889,,,,0.534722222,0.185185185,0.076388889,,,0.534722222,0.185185185,49.61607,-124.83055
UVIC0,61,UVIC061,her143,no,denman3,#N/A,15,3,2019,74,denman,14,3,0.636574074,0.175925926,0.111111111,,,,0.636574074,0.175925926,0.111111111,,,0.636574074,0.175925926,49.61607,-124.83055
UVIC0,63,UVIC063,her144,no,denman4,#N/A,15,3,2019,74,denman,14,4,,,,0.511574074,0.24537037,0.074074074,0.511574074,0.24537037,0.074074074,,,-0.511574074,-0.24537037,49.61607,-124.83055
UVIC0,64,UVIC064,her145,no,denman3,#N/A,15,3,2019,74,denman,14,3,0.576388889,0.273148148,0.180555556,0.590277778,0.273148148,0.138888889,0.583333333,0.273148148,0.159722222,,,-0.013888889,,49.61607,-124.83055
UVIC0,67,UVIC067,her146,no,denman4,#N/A,15,3,2019,74,denman,14,4,,,,0.604166667,0.226851852,0.087962963,0.604166667,0.226851852,0.087962963,,,-0.604166667,-0.226851852,49.61607,-124.83055
UVIC0,68,UVIC068,her147,no,denman4,#N/A,15,3,2019,74,denman,14,4,,,,,,,,,,,"no measurement, annuli not clear",,,49.61607,-124.83055
UVIC0,69,UVIC069,her148,no,denman3,#N/A,15,3,2019,74,denman,14,3,0.599537037,0.157407407,0.134259259,0.613425926,0.157407407,0.12037037,0.606481481,0.157407407,0.127314815,,,-0.013888889,,49.61607,-124.83055
UVIC0,70,UVIC070,her149,no,denman3,#N/A,15,3,2019,74,denman,14,3,0.680555556,0.134259259,0.115740741,0.657407407,0.166666667,0.115740741,0.668981481,0.150462963,0.115740741,,,0.023148149,-0.032407408,49.61607,-124.83055
UVIC0,71,UVIC071,her150,no,denman3,#N/A,15,3,2019,74,denman,14,3,,,,0.657407407,0.310185185,0.12037037,0.657407407,0.310185185,0.12037037,,,-0.657407407,-0.310185185,49.61607,-124.83055
UVIC0,73,UVIC073,her151,no,denman3,#N/A,15,3,2019,74,denman,14,3,0.659722222,0.180555556,0.134259259,0.622685185,0.189814815,0.115740741,0.641203704,0.185185185,0.125,,,0.037037037,-0.009259259,49.61607,-124.83055
UVIC0,74,UVIC074,her152,no,denman3,#N/A,15,3,2019,74,denman,14,3,0.631944444,0.263888889,0.143518519,0.592592593,0.277777778,0.148148148,0.612268519,0.270833333,0.145833333,,,0.039351851,-0.013888889,49.61607,-124.83055
UVIC0,75,UVIC075,her153,no,denman3,#N/A,15,3,2019,74,denman,14,3,,,,,,,,,,"unclear, no measurement - probably 3","unclear, no measurement - probably 3",,,49.61607,-124.83055
UVIC0,76,UVIC076,her154,no,denman4,#N/A,15,3,2019,74,denman,14,4,0.543981481,0.236111111,0.12962963,0.541666667,0.24537037,0.111111111,0.542824074,0.240740741,0.12037037,,,0.002314814,-0.009259259,49.61607,-124.83055
UVIC0,77,UVIC077,her155,no,denman4,#N/A,15,3,2019,74,denman,14,4,0.560185185,0.127314815,0.055555556,,,,0.560185185,0.127314815,0.055555556,,,0.560185185,0.127314815,49.61607,-124.83055
UVIC0,80,UVIC080,her156,no,denman3,#N/A,15,3,2019,74,denman,14,3,0.606481481,0.178240741,0.074074074,,,,0.606481481,0.178240741,0.074074074,,,0.606481481,0.178240741,49.61992,-124.8378
UVIC0,81,UVIC081,her157,no,denman4,#N/A,15,3,2019,74,denman,14,4,0.553240741,0.287037037,0.092592593,,,,0.553240741,0.287037037,0.092592593,,,0.553240741,0.287037037,49.61992,-124.8378
UVIC0,82,UVIC082,her158,no,denman3,#N/A,15,3,2019,74,denman,14,3,,,,0.599537037,0.194444444,0.12037037,0.599537037,0.194444444,0.12037037,,,-0.599537037,-0.194444444,49.64782,-124.87248
UVIC0,83,UVIC083,her159,no,denman3,#N/A,15,3,2019,74,denman,14,3,0.701388889,0.25462963,0.050925926,0.664351852,0.206018519,0.101851852,0.68287037,0.230324074,0.076388889,,,0.037037037,0.048611111,49.64782,-124.87248
UVIC0,84,UVIC084,her160,no,denman4,#N/A,15,3,2019,74,denman,14,4,0.578703704,0.236111111,0.074074074,0.527777778,0.25462963,0.083333333,0.553240741,0.24537037,0.078703704,,,0.050925926,-0.018518519,49.64782,-124.87248
UVIC0,85,UVIC085,her161,no,denman4,#N/A,15,3,2019,74,denman,14,4,0.576388889,0.101851852,0.12962963,,,,0.576388889,0.101851852,0.12962963,,,0.576388889,0.101851852,49.64782,-124.87248
UVIC0,86,UVIC086,her162,no,denman3,#N/A,15,3,2019,74,denman,14,3,0.611111111,0.171296296,0.078703704,0.622685185,0.162037037,0.085648148,0.616898148,0.166666667,0.082175926,,,-0.011574074,0.009259259,49.64782,-124.87248
UVIC0,87,UVIC087,her163,no,denman3,#N/A,15,3,2019,74,denman,14,3,0.666666667,0.138888889,0.092592593,0.69212963,0.138888889,0.085648148,0.679398148,0.138888889,0.08912037,,,-0.025462963,,49.64782,-124.87248
UVIC0,88,UVIC088,her164,no,denman3,#N/A,15,3,2019,74,denman,14,3,0.606481481,0.180555556,0.148148148,0.606481481,0.185185185,0.150462963,0.606481481,0.18287037,0.149305556,,,,-0.004629629,49.64782,-124.87248
UVIC0,91,UVIC091,her165,no,denman3,#N/A,15,3,2019,74,denman,14,3,0.576388889,0.185185185,0.115740741,0.520833333,0.171296296,0.134259259,0.548611111,0.178240741,0.125,,,0.055555556,0.013888889,49.64782,-124.87248
UVIC0,92,UVIC092,her166,no,denman3,#N/A,15,3,2019,74,denman,14,3,0.641203704,0.231481481,0.074074074,0.576388889,0.203703704,0.092592593,0.608796296,0.217592593,0.083333333,,,0.064814815,0.027777777,49.64782,-124.87248
UVIC0,96,UVIC096,her167,no,denman4,#N/A,15,3,2019,74,denman,14,4,,,,0.634259259,0.12037037,0.092592593,0.634259259,0.12037037,0.092592593,,,-0.634259259,-0.12037037,49.64782,-124.87248
UVIC0,97,UVIC097,her168,no,denman3,#N/A,15,3,2019,74,denman,14,3,0.553240741,0.215277778,0.094907407,,,,0.553240741,0.215277778,0.094907407,,,0.553240741,0.215277778,49.64782,-124.87248
UVIC0,98,UVIC098,her169,no,denman3,#N/A,15,3,2019,74,denman,14,3,0.574074074,0.268518519,0.097222222,0.56712963,0.275462963,0.108796296,0.570601852,0.271990741,0.103009259,,,0.006944444,-0.006944444,49.64782,-124.87248
UVIC0,99,UVIC099,her170,no,denman4,#N/A,15,3,2019,74,denman,14,4,0.680555556,0.143518519,0.087962963,0.717592593,0.138888889,0.083333333,0.699074074,0.141203704,0.085648148,,,-0.037037037,0.00462963,49.64782,-124.87248
